delete from enfermedades;
delete from usuario_seguir_usuario;
delete from mensajes;
delete from reservas;
delete from favoritos_rutinas;
delete from favoritos;
delete from rutina_actividad;
delete from multimedia;
delete from actividades;
delete from maquinas;
delete from rutinas;
delete from usuarios;
drop table enfermedades;
drop table usuario_seguir_usuario;
drop table mensajes;
drop table reservas;
drop table favoritos_rutinas;
drop table favoritos;
drop table rutina_actividad;
drop table multimedia;
drop table actividades;
drop table maquinas;
drop table rutinas;
drop table usuarios;
insert into usuarios(id,acceso,apellidos,email,enabled,fecha_nacimiento,nombre,password,puntos,tipo_user) values(1,true,'Benziane','adelbenziane@gmail.com',true,'1999-05-02','Adel','adelfr',0,0);
insert into usuarios(id,acceso,apellidos,email,enabled,fecha_nacimiento,nombre,password,puntos,tipo_user) values(2,true,'admin','admin@gmail.com',true,'1998-12-13','admin','admin',0,0);
insert into usuarios(id,acceso,apellidos,email,enabled,fecha_nacimiento,nombre,password,puntos,tipo_user) values(3,true,'gomez','juangomez@gmail.com',true,'2000-12-12','juan','juan2000',0,2);
insert into usuarios(id,acceso,apellidos,email,enabled,fecha_nacimiento,nombre,password,puntos,tipo_user) values(4,true,'ramirez','pedroramirez@gmail.com',true,'2001-12-12','pedro','pedro2000',0,2);
insert into usuarios(id,acceso,apellidos,email,enabled,fecha_nacimiento,nombre,password,puntos,tipo_user) values(5,true,'ruiz','ivanruiz@hotmail.com',true,'2000-04-12','ivan','ivan2000',0,2);
insert into usuarios(id,acceso,apellidos,email,enabled,fecha_nacimiento,nombre,password,puntos,tipo_user) values(6,true,'gonzalez','marcgonzalez@gmail.com',true,'2000-06-10','marc','marc2000',0,2);
insert into usuarios(id,acceso,apellidos,email,enabled,fecha_nacimiento,nombre,password,puntos,tipo_user) values(7,true,'lopez','mariolopez@gmail.com',true,'2000-12-20','mario','mario2000',0,2);
insert into usuarios(id,acceso,apellidos,email,enabled,fecha_nacimiento,nombre,password,puntos,tipo_user) values(8,true,'esponisa','javierespinosa@gmail.com',true,'2000-05-11','Javier','javier2000',0,1);
insert into usuarios(id,acceso,apellidos,email,enabled,fecha_nacimiento,nombre,password,puntos,tipo_user) values(9,true,'valera','luisvalera@gmail.com',true,'2000-05-13','Luis','luis2000',5,1);
insert into usuarios(id,acceso,apellidos,email,enabled,fecha_nacimiento,nombre,password,puntos,tipo_user) values(10,true,'garcia','miguelgarcia@gmail.com',true,'2000-08-31','Miguel','miguel2000',6,1);
insert into usuarios(id,acceso,apellidos,email,enabled,fecha_nacimiento,nombre,password,puntos,tipo_user) values(11,true,'sanchez','antoniosanchez@gmail.com',true,'2001-05-25','Antonio','antonio2000',5,1);
insert into usuarios(id,acceso,apellidos,email,enabled,fecha_nacimiento,nombre,password,puntos,tipo_user) values(12,true,'jimenez','marcosjimenez@gmail.com',true,'2002-04-01','Marcos','marcos2000',3,1);
insert into usuarios(id,acceso,apellidos,email,enabled,fecha_nacimiento,nombre,password,puntos,tipo_user) values(13,true,'Benziane','adelbenzianeua@gmail.com',true,'2000-04-17','Adel','adelbenziane',3,1);
insert into maquinas(id,imagen,nombre,fecha_registro) values(1,'Banco_press.jpg','Banco Press','2023-02-28');
insert into maquinas(id,imagen,nombre,fecha_registro) values(2,'Prensa_piernas.jpg','Prensa de Piernas','2023-03-01');
insert into maquinas(id,imagen,nombre,fecha_registro) values(3,'Maquina_Paralelas.jpg','Paralelas Maquina','2023-03-04');
insert into maquinas(id,imagen,nombre,fecha_registro) values(4,'Dorsalera.jpeg','Dorsalera Maquina','2023-02-28');
insert into maquinas(id,imagen,nombre,fecha_registro) values(5,'Mariposa.jpg','Mariposa','2023-02-28');
insert into maquinas(id,imagen,nombre,fecha_registro) values(6,'Dorsalera_barra.jpg','Dorsalera Barra','2023-02-28');
insert into maquinas(id,imagen,nombre,fecha_registro) values(7,'maquina_cuadriceps.jpg','Maquina extension cuadriceps','2023-02-25');
insert into maquinas(id,imagen,nombre,fecha_registro) values(8,'curl_piernas.png','Curl de Piernas','2023-04-02');
insert into maquinas(id,imagen,nombre,fecha_registro) values(9,'maquina_gemelos_pie.jpg','Maquina de pie gemelos','2023-02-28');
insert into maquinas(id,imagen,nombre,fecha_registro) values(10,'press_inclinado.png','Press pectoral inclinado superior','2023-03-28');
insert into maquinas(id,imagen,nombre,fecha_registro) values(11,'mancuernas.jpg','Mancuernas','2023-04-28');
insert into maquinas(id,imagen,nombre,fecha_registro) values(12,'barra.jpg','Barra','2023-02-24');
insert into maquinas(id,imagen,nombre,fecha_registro) values(13,'remo_polea_baja.jpg','Remo dorsal Polea baja','2023-02-23');
insert into maquinas(id,imagen,nombre,fecha_registro) values(14,'maquina_biceps_extension.jpg','Maquina Para extension biceps','2023-02-20');
insert into maquinas(id,imagen,nombre,fecha_registro) values(15,'polea_triceps.jpg','Polea para la extension triceps','2023-02-23');
insert into maquinas(id,imagen,nombre,fecha_registro) values(16,'maquina_press_hombro.jpg','Maquina press levantamiento Hombro','2023-02-23');
insert into maquinas(id,imagen,nombre,fecha_registro) values(17,'maquina_elevaciones_laterales.jpg','Maquina press levantamiento lateral Hombro','2023-02-23');
insert into maquinas(id,imagen,nombre,fecha_registro) values(18,'maquina_gluteo.jpg','Maquina press levantamiento cadera para gluteo ','2023-02-23');
insert into maquinas(id,imagen,nombre,fecha_registro) values(19,'maquina_empuje_gluteo.jpg','Maquina empuje gluteo','2023-02-23');
insert into maquinas(id,imagen,nombre,fecha_registro) values(20,'maquina_abductor.jpg','Maquina abductor apertura','2023-02-23');
insert into actividades(id,nombre,repeticiones,series,zona_cuerpo,maquina_id,puntos,creador_id) values(1,'Pectoral medio',10,4,0,1,5,3);
insert into actividades(id,nombre,repeticiones,series,zona_cuerpo,maquina_id,puntos,creador_id) values(2,'Piernas enteras cuadriceps',10,4,5,2,5,4);
insert into actividades(id,nombre,repeticiones,series,zona_cuerpo,maquina_id,puntos,creador_id) values(3,'Triceps fondos',15,6,3,3,5,5);
insert into actividades(id,nombre,repeticiones,series,zona_cuerpo,maquina_id,puntos,creador_id) values(4,'Dorsal Barra',10,4,1,4,5,6);
insert into actividades(id,nombre,repeticiones,series,zona_cuerpo,maquina_id,puntos,creador_id) values(5,'Pectoral centro linea',10,4,0,5,5,7);
insert into actividades(id,nombre,repeticiones,series,zona_cuerpo,maquina_id,puntos,creador_id) values(6,'Dorsales y espalda entera',10,5,1,6,5,3);
insert into actividades(id,nombre,repeticiones,series,zona_cuerpo,maquina_id,puntos,creador_id) values(7,'Cuadriceps delantero',10,4,5,7,5,4);
insert into actividades(id,nombre,repeticiones,series,zona_cuerpo,maquina_id,puntos,creador_id) values(8,'Piernas parte trasera',10,4,5,8,5,5);
insert into actividades(id,nombre,repeticiones,series,zona_cuerpo,maquina_id,puntos,creador_id) values(9,'Gemelos',10,4,5,9,5,6);
insert into actividades(id,nombre,repeticiones,series,zona_cuerpo,maquina_id,puntos,creador_id) values(10,'Pectoral parte superior',12,4,0,10,5,7);
insert into actividades(id,nombre,repeticiones,series,zona_cuerpo,maquina_id,puntos,creador_id) values(11,'Parte central y dorsal espalda',10,4,1,13,5,3);
insert into actividades(id,nombre,repeticiones,series,zona_cuerpo,maquina_id,puntos,creador_id) values(12,'Biceps entero',10,4,2,14,5,4);
insert into actividades(id,nombre,repeticiones,series,zona_cuerpo,maquina_id,puntos,creador_id) values(13,'Polea Triceps',10,5,3,15,5,5);
insert into actividades(id,nombre,repeticiones,series,zona_cuerpo,maquina_id,puntos,creador_id) values(14,'Hombro levantamiento',10,4,6,16,5,6);
insert into actividades(id,nombre,repeticiones,series,zona_cuerpo,maquina_id,puntos,creador_id) values(15,'Hombro lateral',10,4,6,17,5,7);
insert into actividades(id,nombre,repeticiones,series,zona_cuerpo,maquina_id,puntos,creador_id) values(16,'Gluteo levantamiento cadera',10,4,4,18,5,3);
insert into actividades(id,nombre,repeticiones,series,zona_cuerpo,maquina_id,puntos,creador_id) values(17,'Gluteo empujamiento',10,4,4,19,5,4);
insert into actividades(id,nombre,repeticiones,series,zona_cuerpo,maquina_id,puntos,creador_id) values(18,'Abductores interiores',11,4,5,20,5,5);
insert into actividades(id,nombre,repeticiones,series,zona_cuerpo,maquina_id,puntos,creador_id) values(19,'Ejercicio del pecho superior',10,4,0,11,5,6);
insert into actividades(id,nombre,repeticiones,series,zona_cuerpo,maquina_id,puntos,creador_id) values(20,'Ejercicio del pecho medio',10,4,0,11,5,7);
insert into actividades(id,nombre,repeticiones,series,zona_cuerpo,maquina_id,puntos,creador_id) values(21,'Ejercicio sentadilla',10,4,5,12,5,3);
insert into actividades(id,nombre,repeticiones,series,zona_cuerpo,maquina_id,puntos,creador_id) values(22,'Ejercicio trapecio levantamiento',10,4,7,15,5,4);
insert into multimedia(id,actividad_id,nombre) values(1,1,'ejercicio_banca_press.gif');
insert into multimedia(id,actividad_id,nombre) values(2,1,'ejercicio_banco_musculos.jpg');
insert into multimedia(id,actividad_id,nombre) values(3,1,'ejercicio_pecho_zonas.jpg');
insert into multimedia(id,actividad_id,nombre) values(4,2,'ejercicio_levantamiento_piernas.gif');
insert into multimedia(id,actividad_id,nombre) values(5,2,'ejercicios_piernas_press.gif');
insert into multimedia(id,actividad_id,nombre) values(6,3,'zonas_cuerpo_paralelas.gif');
insert into multimedia(id,actividad_id,nombre) values(7,4,'partes_espalda.jpg');
insert into multimedia(id,actividad_id,nombre) values(8,4,'Dorsal_barra_maquina.jpg');
insert into multimedia(id,actividad_id,nombre) values(9,5,'ejercicio_centro.gif');
insert into multimedia(id,actividad_id,nombre) values(10,5,'ejercicio_pecho_centro.jpg');
insert into multimedia(id,actividad_id,nombre) values(11,6,'ejercicio_espalda_entera.jpg');
insert into multimedia(id,actividad_id,nombre) values(12,6,'remo-en-punta.gif');
insert into multimedia(id,actividad_id,nombre) values(13,7,'cuadriceps.gif');
insert into multimedia(id,actividad_id,nombre) values(14,8,'curl_pierna.jpg');
insert into multimedia(id,actividad_id,nombre) values(15,8,'curl_piernas.gif');
insert into multimedia(id,actividad_id,nombre) values(16,9,'ejercicio_gemelos.jpg');
insert into multimedia(id,actividad_id,nombre) values(17,9,'elevtalon12.gif');
insert into multimedia(id,actividad_id,nombre) values(18,10,'supino_inclinado_con_barra.jpg');
insert into multimedia(id,actividad_id,nombre) values(19,11,'remo_dorsal.jpg');
insert into multimedia(id,actividad_id,nombre) values(20,11,'rermo-en-polea.gif');
insert into multimedia(id,actividad_id,nombre) values(21,12,'biceps_extension.gif');
insert into multimedia(id,actividad_id,nombre) values(22,13,'ejercicio_triceps_polea.gif');
insert into multimedia(id,actividad_id,nombre) values(23,13,'ejercicio_triceps.jpg');
insert into multimedia(id,actividad_id,nombre) values(24,14,'levantamiento_hombro.jpg');
insert into multimedia(id,actividad_id,nombre) values(25,14,'hombro_maquina.gif');
insert into multimedia(id,actividad_id,nombre) values(26,14,'hombro_levantamiento.gif');
insert into multimedia(id,actividad_id,nombre) values(27,15,'hombro_lateral.jpg');
insert into multimedia(id,actividad_id,nombre) values(28,15,'hombro_lateralpos.jpg');
insert into multimedia(id,actividad_id,nombre) values(29,16,'gluteolevanta.jpeg');
insert into multimedia(id,actividad_id,nombre) values(30,16,'gluteo_levantamiento.gif');
insert into multimedia(id,actividad_id,nombre) values(31,17,'empuje_gluteo.gif');
insert into multimedia(id,actividad_id,nombre) values(32,18,'ejercicio_abductor.jpg');
insert into multimedia(id,actividad_id,nombre) values(33,19,'ejercicio_pecho_sup.gif');
insert into multimedia(id,actividad_id,nombre) values(34,20,'ejercicio_pecho_medio.gif');
insert into multimedia(id,actividad_id,nombre) values(35,21,'ejercicio_senta.gif');
insert into multimedia(id,actividad_id,nombre) values(36,21,'ejercicio_sentadilla.gif');
insert into multimedia(id,actividad_id,nombre) values(37,22,'ejercicio_trapecio.jpg');
insert into rutinas(id,nombre,puntos,creador_id) values (1,'rutina pectoral',10,4);
insert into rutinas(id,nombre,puntos,creador_id) values (2,'rutina espalda',20,5);
insert into rutinas(id,nombre,puntos,creador_id) values (3,'rutina piernas',5,6);
insert into rutinas(id,nombre,puntos,creador_id) values (4,'rutina biceps',6,7);
insert into rutinas(id,nombre,puntos,creador_id) values (5,'rutina pecho superior',8,4);
insert into rutinas(id,nombre,puntos,creador_id) values (6,'rutina triceps',9,5);
insert into rutinas(id,nombre,puntos,creador_id) values (7,'rutina trapecio',10,6);
insert into rutinas(id,nombre,puntos,creador_id) values (8,'rutina entero cuerpo',22,4);
insert into rutinas(id,nombre,puntos,creador_id) values (9,'rutina pecho triceps',30,6);
insert into rutinas(id,nombre,puntos,creador_id) values (10,'rutina espalda biceps',20,5);
insert into rutinas(id,nombre,puntos,creador_id) values (11,'rutina hombros trapecio',1,7);
insert into rutina_actividad(fk_rutina, fk_actividad) values (1,1);
insert into rutina_actividad(fk_rutina, fk_actividad) values (1,5);
insert into rutina_actividad(fk_rutina, fk_actividad) values (1,10);
insert into rutina_actividad(fk_rutina, fk_actividad) values (1,19);
insert into rutina_actividad(fk_rutina, fk_actividad) values (1,20);
insert into rutina_actividad(fk_rutina, fk_actividad) values (2,4);
insert into rutina_actividad(fk_rutina, fk_actividad) values (2,6);
insert into rutina_actividad(fk_rutina, fk_actividad) values (2,11);
insert into rutina_actividad(fk_rutina, fk_actividad) values (3,2);
insert into rutina_actividad(fk_rutina, fk_actividad) values (3,7);
insert into rutina_actividad(fk_rutina, fk_actividad) values (3,8);
insert into rutina_actividad(fk_rutina, fk_actividad) values (3,9);
insert into rutina_actividad(fk_rutina, fk_actividad) values (3,16);
insert into rutina_actividad(fk_rutina, fk_actividad) values (3,17);
insert into rutina_actividad(fk_rutina, fk_actividad) values (3,18);
insert into rutina_actividad(fk_rutina, fk_actividad) values (3,21);
insert into rutina_actividad(fk_rutina, fk_actividad) values (4,4);
insert into rutina_actividad(fk_rutina, fk_actividad) values (4,12);
insert into rutina_actividad(fk_rutina, fk_actividad) values (5,10);
insert into rutina_actividad(fk_rutina, fk_actividad) values (5,19);
insert into rutina_actividad(fk_rutina, fk_actividad) values (6,3);
insert into rutina_actividad(fk_rutina, fk_actividad) values (6,13);
insert into rutina_actividad(fk_rutina, fk_actividad) values (7,22);
insert into rutina_actividad(fk_rutina, fk_actividad) values (8,1);
insert into rutina_actividad(fk_rutina, fk_actividad) values (8,2);
insert into rutina_actividad(fk_rutina, fk_actividad) values (8,3);
insert into rutina_actividad(fk_rutina, fk_actividad) values (8,4);
insert into rutina_actividad(fk_rutina, fk_actividad) values (8,5);
insert into rutina_actividad(fk_rutina, fk_actividad) values (8,6);
insert into rutina_actividad(fk_rutina, fk_actividad) values (8,7);
insert into rutina_actividad(fk_rutina, fk_actividad) values (8,8);
insert into rutina_actividad(fk_rutina, fk_actividad) values (8,9);
insert into rutina_actividad(fk_rutina, fk_actividad) values (8,10);
insert into rutina_actividad(fk_rutina, fk_actividad) values (8,11);
insert into rutina_actividad(fk_rutina, fk_actividad) values (8,12);
insert into rutina_actividad(fk_rutina, fk_actividad) values (8,13);
insert into rutina_actividad(fk_rutina, fk_actividad) values (8,14);
insert into rutina_actividad(fk_rutina, fk_actividad) values (8,15);
insert into rutina_actividad(fk_rutina, fk_actividad) values (8,16);
insert into rutina_actividad(fk_rutina, fk_actividad) values (8,17);
insert into rutina_actividad(fk_rutina, fk_actividad) values (8,18);
insert into rutina_actividad(fk_rutina, fk_actividad) values (8,19);
insert into rutina_actividad(fk_rutina, fk_actividad) values (8,20);
insert into rutina_actividad(fk_rutina, fk_actividad) values (8,21);
insert into rutina_actividad(fk_rutina, fk_actividad) values (8,22);
insert into rutina_actividad(fk_rutina, fk_actividad) values (9,1);
insert into rutina_actividad(fk_rutina, fk_actividad) values (9,5);
insert into rutina_actividad(fk_rutina, fk_actividad) values (9,10);
insert into rutina_actividad(fk_rutina, fk_actividad) values (9,19);
insert into rutina_actividad(fk_rutina, fk_actividad) values (9,20);
insert into rutina_actividad(fk_rutina, fk_actividad) values (9,3);
insert into rutina_actividad(fk_rutina, fk_actividad) values (9,13);
insert into rutina_actividad(fk_rutina, fk_actividad) values (10,4);
insert into rutina_actividad(fk_rutina, fk_actividad) values (10,6);
insert into rutina_actividad(fk_rutina, fk_actividad) values (10,12);
insert into rutina_actividad(fk_rutina, fk_actividad) values (11,14);
insert into rutina_actividad(fk_rutina, fk_actividad) values (11,15);
insert into rutina_actividad(fk_rutina, fk_actividad) values (11,22);
insert into favoritos(id, usuario_id) values(1,13);
insert into favoritos_rutinas(fk_favoritos, fk_rutinas) values (1,1);
insert into favoritos_rutinas(fk_favoritos, fk_rutinas) values (1,2);
insert into favoritos_rutinas(fk_favoritos, fk_rutinas) values (1,3);
insert into favoritos_rutinas(fk_favoritos, fk_rutinas) values (1,9);
insert into enfermedades(id, lesion, zona_evitar, usuario_id) values (1,'Dolores en la rodilla',5,13);
insert into reservas(id, estado, start, title, valorada, cliente_id, monitor_id, rutina_id) values(1,1,'2023-05-25 10:30:00','Reserva para pectoral',false,10,4,1);
insert into reservas(id, estado, start, title, valorada, cliente_id, monitor_id, rutina_id) values(2,1,'2023-05-25 11:30:00','Reserva para espalda',true,13,4,2);
insert into reservas(id, estado, start, title, valorada, cliente_id, monitor_id, rutina_id) values(3,1,'2023-05-25 12:30:00','Reserva para piernas',false,13,5,3);
insert into reservas(id, estado, start, title, valorada, cliente_id, monitor_id, rutina_id) values(4,1,'2023-05-25 12:00:00','Reserva para pectoral',false,13,4,1);
insert into reservas(id, estado, start, title, valorada, cliente_id, monitor_id, rutina_id) values(5,0,'2023-06-01 10:30:00','Reserva para espalda barra',false,12,4,2);
insert into reservas(id, estado, start, title, valorada, cliente_id, monitor_id, rutina_id) values(6,0,'2023-06-01 11:00:00','Reserva para espalda',false,13,5,2);
insert into reservas(id, estado, start, title, valorada, cliente_id, monitor_id, rutina_id) values(7,0,'2023-06-12 12:00:00','Reserva para espalda',false,13,4,2);
insert into reservas(id, estado, start, title, valorada, cliente_id, monitor_id, rutina_id) values(8,0,'2023-06-12 13:00:00','Reserva para piernas',false,13,4,3);
insert into reservas(id, estado, start, title, valorada, cliente_id, monitor_id, rutina_id) values(9,0,'2023-06-12 13:30:00','Reserva para pectoral',false,10,4,1);
insert into reservas(id, estado, start, title, valorada, cliente_id, monitor_id, rutina_id) values(10,0,'2023-06-16 11:00:00','Reserva para pectoral superior',false,13,5,5);
insert into reservas(id, estado, start, title, valorada, cliente_id, monitor_id, rutina_id) values(11,0,'2023-06-16 11:30:00','Reserva para triceps',false,13,6,6);
insert into reservas(id, estado, start, title, valorada, cliente_id, monitor_id, rutina_id) values(12,0,'2023-06-20 11:00:00','Reserva para trapecio',false,13,7,7);
insert into reservas(id, estado, start, title, valorada, cliente_id, monitor_id, rutina_id) values(13,0,'2023-06-20 10:00:00','Reserva para cuerpo entero',false,13,4,8);
insert into reservas(id, estado, start, title, valorada, cliente_id, monitor_id, rutina_id) values(14,0,'2023-06-20 11:30:00','Reserva para pectoral y triceps',false,13,4,9);
insert into reservas(id, estado, start, title, valorada, cliente_id, monitor_id, rutina_id) values(15,0,'2023-06-20 12:00:00','Reserva para pectoral',false,10,4,1);
insert into reservas(id, estado, start, title, valorada, cliente_id, monitor_id, rutina_id) values(16,0,'2023-06-21 13:00:00','Reserva para espalda',false,13,5,2);
insert into reservas(id, estado, start, title, valorada, cliente_id, monitor_id, rutina_id) values(17,0,'2023-06-22 11:00:00','Reserva para piernas',false,13,5,3);
insert into reservas(id, estado, start, title, valorada, cliente_id, monitor_id, rutina_id) values(18,0,'2023-06-23 11:00:00','Reserva para biceps',false,13,4,4);
insert into reservas(id, estado, start, title, valorada, cliente_id, monitor_id, rutina_id) values(19,0,'2023-06-23 11:30:00','Reserva para espalda',false,13,4,2);
insert into usuario_seguir_usuario(id, seguido_id, seguidor_id) values(1,10,13);
insert into usuario_seguir_usuario(id, seguido_id, seguidor_id) values(2,11,13);
insert into usuario_seguir_usuario(id, seguido_id, seguidor_id) values(3,13,10);
insert into mensajes(id, fecha, texto, emisor_id, receptor_id) values(1,'2023-05-02 11:00:00','Hola adel',10,13);
insert into mensajes(id, fecha, texto, emisor_id, receptor_id) values(2,'2023-05-02 11:30:00','Hola adel',11,13);
insert into mensajes(id, fecha, texto, emisor_id, receptor_id) values(3,'2023-05-01 11:00:00','Hola adel',12,13);
insert into mensajes(id, fecha, texto, emisor_id, receptor_id) values(4,'2023-05-02 11:05:00','Hola miguel',13,10);
insert into mensajes(id, fecha, texto, emisor_id, receptor_id) values(5,'2023-05-02 11:06:00','A que hora vas al gym adeuafitness?',10,13);
insert into mensajes(id, fecha, texto, emisor_id, receptor_id) values(6,'2023-05-02 12:00:00','Pues hoy voy alas 13, has reservado con algun monitor?',13,10);
insert into mensajes(id, fecha, texto, emisor_id, receptor_id) values(7,'2023-05-02 12:03:00','No, la verdad hoy me apetece entrenar solo, voy a aplicar las tecnicas del monitor pedro',10,13);

